sample	Cellularity	psi
sample_1	0.6292731165	3.18916850732
sample_3	0.840820774361	2.19353602329
sample_6	0.380493415102	1.9011537908
